Fault Entry ID,Equipment Affected,Fault Description,Cause (if known),Resolution Action
rec00uq1ykLPQ3s7T,Breaker Panel #3,Vibration - Pump cavitation,,Replaced damaged impeller and bled system
rec06tFhS0bLvuHw0,Cooling Pump #2,Low Pressure - Blocked filter,,Replaced filter
rec0NGYTY0JK4VWQi,Air Handler #1,Overheat - Oil cooler clogged,,Flushed cooler with cleaning solution and replaced oil. Installed inline filter to capture potential future sludge buildup. Monitored system temperature for 48 hours post-maintenance.
rec1PFz96QgR6gLXV,Hydraulic Pump #1,Vibration - Pump cavitation,,
rec1oXYuikHYxeSOj,Compressor,Overheat – Motor failure,,1. Disconnected power source. 2. Removed motor and inspected bearings. 3. Replaced worn bearings and lubricated moving parts. 4. Reconnected power and monitored temperature for 24 hours.
rec28VrYuFXWQZS3o,Generator #3,Leakage – Cracked seal,,"Rebooted system, installed software patch"
rec2U8TEm5wmsT9YP,Main Engine,Intermittent Power – Faulty valve,,"Realigned bearing, lubricated"
rec2X1Sa8oSl3VIHr,Hydraulic Pump #1,Noise - Air in system,,Bled air from hydraulic lines and inspected for potential air ingress points. Applied sealant to identified weak points and monitored system pressure for stability.
rec2ojaXC9Yx6U5tF,Cooling Pump #1,Overheat - Fan motor failure,,Replaced motor
rec3AIFl0t7arNQ9j,,,,
rec3S6sY9LtQjPVDb,Emergency Generator,Low Voltage - Alternator fault,,Replaced alternator and calibrated output
rec4lspQFxyO0ffR5,Main Generator #1,Low Pressure - Blocked filter,,Inspected and removed accumulated debris from the filter. Replaced filter element and verified system pressure over a 24-hour period.
rec4xU8yJehS76MDX,Emergency Generator,Overheat - Wiring fault,,Replaced wiring
rec5CA1HrheAApGpl,Cooling Pump #2,Leaking - Seal worn out,,Replaced seal and inspected casing
rec5H1EKxJvbWTwiQ,Cooling Pump #1,Low Pressure - Blocked filter,,Inspected and removed accumulated debris from the filter. Replaced filter element and verified system pressure over a 24-hour period.
rec5XZ9TE9R0Kg7Pp,Air Handler #1,Noise - Bearing misalignment,,Adjusted alignment
rec5hXW7gxFgIaM8Z,Battery Bank,No Output – Sensor failure,,1. Disconnected power source. 2. Removed motor and inspected bearings. 3. Replaced worn bearings and lubricated moving parts. 4. Reconnected power and monitored temperature for 24 hours.
rec6HuHSvOtmzQQRY,Cooling Pump #2,Short Circuit - Insulation failure,,Replaced damaged wiring and tested circuit
rec6RSOshEN6sJuYZ,Main Generator #1,Leaking - Seal worn out,,Replaced seal and inspected casing
rec6oBs62dFJcjoSu,Heat Exchanger,Erratic Operation – Air leak,,"Replaced sensor, recalibrated"
rec7EvbOGgkMRlPXY,Air Handler #1,Short Circuit - Insulation failure,,Isolated short circuit by tracing affected wiring. Replaced damaged insulation and applied protective coating. Conducted continuity testing to confirm insulation integrity.
rec7OVxe0IfNs0yw5,Valve Control System,Low Pressure – Blocked filter,,"Cleaned filter, restored flow"
rec7RG0yfCfc8nhu6,Hydraulic Pump #1,Low Pressure - Seal leak,,Replaced seal
rec7kr8E59jgaficd,Heat Exchanger,Low Pressure – Blocked filter,,1. Disconnected power source. 2. Removed motor and inspected bearings. 3. Replaced worn bearings and lubricated moving parts. 4. Reconnected power and monitored temperature for 24 hours.
rec8KGpktpFshCWBj,Compressor,Unresponsive – Software glitch,,1. Disassembled pump housing. 2. Cleaned filter using compressed air. 3. Inspected and replaced damaged seals. 4. Reassembled unit and conducted flow test.
rec8Pg1eF7twH7PEq,Cooling Pump #2,Breaker Trip - Overload,,Reduced load and reset breaker
rec8eoqYNQznU5wYZ,Cooling Pump #2,Short Circuit - Insulation failure,,Replaced damaged wiring and tested circuit
rec9YorxRb0OxfXGt,Cooling Pump #2,Intermittent Power - Valve sticking,,Disassembled valve and inspected for debris obstruction. Cleaned valve components and applied lubricant. Reassembled and monitored flow rate to confirm resolution.
rec9laog7CgRt9Ymf,Fuel Injector,No Output – Sensor failure,,"Rebooted system, installed software patch"
rec9ukutXRLUNms8J,Steering Gear Pump,Intermittent Power - Valve sticking,,Lubricated valve
rec9zdLC0A2ziKaFq,Breaker Panel #3,Leaking - Seal worn out,,Removed worn seal and replaced with upgraded heat-resistant seal. Pressure-tested system at operating temperature and documented results for future reference.
recA1InqpUyRTIGOh,Cooling Pump #2,Short Circuit - Insulation failure,,Isolated short circuit by tracing affected wiring. Replaced damaged insulation and applied protective coating. Conducted continuity testing to confirm insulation integrity.
recAkkKwgamO4w8AQ,Hydraulic Pump #1,No Power - Fuse blown,,Inspected wiring for potential short circuits. Replaced fuse with a higher-rated model after verifying compatibility. Conducted a system-wide electrical test and logged findings.
recB0O1lJ6o2PxGAT,Oil Separator,Erratic Operation – Air leak,,"Rebooted system, installed software patch"
recB2qTrz52btSQZv,Main Generator #1,Vibration - Pump cavitation,,Replaced damaged impeller and bled system
recBBViYJRtBgbmQR,Air Handler #1,Vibration - Pump cavitation,,Checked impeller
recBURy1Z9Pe8Cdr5,Main Generator #1,Short Circuit - Insulation failure,,Replaced damaged wiring and tested circuit
recCWSTnE5d6g4JGO,Steering Gear Pump,No Power - Fuse blown,,Inspected wiring for potential short circuits. Replaced fuse with a higher-rated model after verifying compatibility. Conducted a system-wide electrical test and logged findings.
recCctxP02TIizd56,Main Generator #1,Noise - Air in system,,Bled air from hydraulic lines and inspected for potential air ingress points. Applied sealant to identified weak points and monitored system pressure for stability.
recCd3jK2g7nRV4S7,Fuel Injector,Vibration – Bearing wear,,1. Removed sensor and inspected connectors. 2. Replaced sensor with calibrated unit. 3. Recalibrated system parameters. 4. Conducted diagnostic run to verify accuracy.
recCkh4QTvVWL2tgV,Cooling Pump #1,Noise - Bearing misalignment,,Adjusted alignment
recCvN8TuzTzM5M41,Fuel Injector,No Output – Sensor failure,,1. Disconnected power source. 2. Removed motor and inspected bearings. 3. Replaced worn bearings and lubricated moving parts. 4. Reconnected power and monitored temperature for 24 hours.
recD8v50UlPgiPDR5,Main Generator #1,No Power - Fuse blown,,Inspected wiring for potential short circuits. Replaced fuse with a higher-rated model after verifying compatibility. Conducted a system-wide electrical test and logged findings.
recDXUQAdKR2jmYy0,Breaker Panel #3,Vibration - Pump cavitation,,Inspected impeller for cavitation damage. Replaced damaged impeller and bled air from system. Implemented periodic monitoring schedule to detect early signs of cavitation.
recDfT4XwrUVo9quy,Cooling Pump #2,Overheat - Fan motor failure,,Replaced motor
recE1fB5BkBo3heRQ,Cooling Pump #1,Breaker Trip - Overload,,Identified root cause of overload by inspecting connected equipment. Reduced load and reset breaker. Logged equipment parameters to monitor load levels over 48 hours.
recEJ5ylbUxrvWKpZ,Cooling Pump #2,Erratic Operation – Air leak,,"Realigned bearing, lubricated"
recELAqiIymsCuOC6,Hydraulic Pump #2,Overheat - Oil cooler clogged,,Flushed cooler and replaced oil
recEWsjy7HmpCAKo6,Equipment Affected,Fault Description,,Resolution Action
recF6B4Dtg7aLrl3l,Hydraulic Pump #2,Low Pressure - Seal leak,,Replaced seal
recFEWnYimK4GFf9f,Steering Gear Pump,Vibration - Cavitation,,Checked impeller
recFbzCGyZhk3zdAj,Cooling Pump #1,Short Circuit - Insulation failure,,Replaced damaged wiring and tested circuit
recGHqxqTAZZLgxwy,Equipment Affected,Fault Description,,Resolution Action
recGlugI8OB2i02Pa,Main Engine,Overheat – Motor failure,,1. Disconnected system and performed software diagnostic. 2. Identified software crash point. 3. Rebooted system and installed latest firmware update. 4. Tested system functions and logged activity.
recGn0XKXQrwW5jxy,Emergency Generator,Short Circuit - Insulation failure,,Repaired insulation
recIkom91dKhsreXk,Generator #3,Overvoltage – Electrical surge,,"Rebooted system, installed software patch"
recJXXEyKLnKjcYiY,Main Engine,Leakage – Cracked seal,,1. Disassembled pump housing. 2. Cleaned filter using compressed air. 3. Inspected and replaced damaged seals. 4. Reassembled unit and conducted flow test.
recJrpJmWHqknHQ0x,Air Handler #1,Intermittent Power - Valve sticking,,
recJvRO98J7DIGqZi,Hydraulic Pump #2,Low Pressure - Blocked filter,,Cleaned filter and restored flow
recKABNBL2feRbc5v,Air Handler #1,Overheat - Fan motor failure,,Replaced motor
recKBs8gKnXJ15hr2,Main Generator #1,Overheat - Fan motor failure,,Removed fan motor housing and cleared all dust buildup. Replaced motor bearings and tested for overheating under load conditions. Logged temperature readings at 1-hour intervals.
recKId9WitaE3QBrL,Emergency Generator,Breaker Trip - Overload,,Identified root cause of overload by inspecting connected equipment. Reduced load and reset breaker. Logged equipment parameters to monitor load levels over 48 hours.
recKnt9M6fyWYy1BU,Breaker Panel #3,Low Voltage - Alternator fault,,Replaced alternator and calibrated output
recKyapUnnjSYS9ln,Breaker Panel #3,Breaker Trip - Overload,,Reset breaker
recLHMAW8KlrKQ0hx,Steering Gear Pump,Noise - Bearing misalignment,,Realigned bearing and lubricated
recLs3KzoKsI44SQ0,Generator #3,Low Pressure – Blocked filter,,"Realigned bearing, lubricated"
recMC3kLYx3Dff26W,Generator #3,Intermittent Power – Faulty valve,,"Cleaned filter, restored flow"
recMLfcw6pyrijzWj,Equipment Affected,Fault Description,,Resolution Action
recMOk983WgxFXMs6,Breaker Panel #3,Leaking - Seal worn out,,Removed worn seal and replaced with upgraded heat-resistant seal. Pressure-tested system at operating temperature and documented results for future reference.
recMTd71CpPoR20BB,Hydraulic Pump #1,Leakage – Cracked seal,,"Tightened connection, refilled coolant"
recMfyH2qdo9asZhh,Hydraulic Pump #2,Intermittent Power - Valve sticking,,Lubricated valve
recMvJJ2sNQFeTyHb,Main Engine,Vibration – Bearing wear,,"Replaced motor, monitored temperature"
recN70Ao9ozEULZHR,Cooling Pump #1,Short Circuit - Insulation failure,,Replaced damaged wiring and tested circuit
recNS6LbZctJDEEsh,Sensor,No Output – Sensor failure,,1. Disconnected system and performed software diagnostic. 2. Identified software crash point. 3. Rebooted system and installed latest firmware update. 4. Tested system functions and logged activity.
recNSdSMP9HMAJdz8,Breaker Panel #3,Low Pressure - Blocked filter,,Cleaned filter and restored flow
recNbXqT3CJd89gSR,Breaker Panel #3,Low Voltage - Alternator fault,,Adjusted settings
recNxQEKuDYWM6Tj8,Generator,High Temperature – Coolant leak,,1. Disconnected system and performed software diagnostic. 2. Identified software crash point. 3. Rebooted system and installed latest firmware update. 4. Tested system functions and logged activity.
recO1X1941r8OMd6f,Steering Gear Pump,Short Circuit - Insulation failure,,Isolated short circuit by tracing affected wiring. Replaced damaged insulation and applied protective coating. Conducted continuity testing to confirm insulation integrity.
recOZLr3NyjV2nDDh,Heat Exchanger,No Output – Sensor failure,,1. Secured air intake manifold. 2. Replaced cracked hose. 3. Conducted airflow test. 4. Monitored pressure for 48 hours post-maintenance.
recOuUTUMmkSfzngz,Main Engine,High Temperature – Coolant leak,,"Replaced fuse, installed surge protector"
recOzhZvTEcHawtTN,Battery Bank,High Temperature – Coolant leak,,"Rebooted system, installed software patch"
recPsUZGC02UVAyUE,Fuel Injector,Intermittent Power – Faulty valve,,1. Disassembled pump housing. 2. Cleaned filter using compressed air. 3. Inspected and replaced damaged seals. 4. Reassembled unit and conducted flow test.
recQ33bTQg81RRaEu,Steering Gear Pump,Low Voltage - Alternator fault,,Replaced alternator and calibrated output
recQFN6wZVue5SPu7,Main Generator #1,Short Circuit - Insulation failure,,Repaired insulation
recQtBgeQHLJlb6Gn,Air Handler #1,Noise - Bearing misalignment,,Realigned bearing and lubricated
recRCyEiaywQzJA3g,Main Generator #1,No Power - Fuse blown,,Replaced fuse and inspected wiring
recRGI46eWX9aoUt5,Cooling Pump #2,Overheat - Fan motor failure,,Replaced motor and cleaned vent
recRV6sWGCI857z7j,Cooling Pump #2,Vibration - Pump cavitation,,Inspected impeller for cavitation damage. Replaced damaged impeller and bled air from system. Implemented periodic monitoring schedule to detect early signs of cavitation.
recSFGhgRwWwJprZb,Cooling Pump #2,Low Voltage - Alternator fault,,Replaced alternator and calibrated output
recSJZmQsipYPwtrK,Main Generator #1,Breaker Trip - Overload,,Reduced load and reset breaker
recSTeOLSHpXPtvJb,Air Handler #1,Intermittent Power - Valve sticking,,Disassembled valve and inspected for debris obstruction. Cleaned valve components and applied lubricant. Reassembled and monitored flow rate to confirm resolution.
recSTqnTm2HyzIt72,Hydraulic Pump #2,Noise - Air in system,,Bled air from hydraulic lines and inspected for potential air ingress points. Applied sealant to identified weak points and monitored system pressure for stability.
recSp6cZUyo0WoxOd,Hydraulic System,Unresponsive – Software glitch,,1. Disconnected system and performed software diagnostic. 2. Identified software crash point. 3. Rebooted system and installed latest firmware update. 4. Tested system functions and logged activity.
recTO9IHiYVkMeYW2,Breaker Panel #3,Intermittent Power - Valve sticking,,Disassembled valve and inspected for debris obstruction. Cleaned valve components and applied lubricant. Reassembled and monitored flow rate to confirm resolution.
recTpg6wFLNw6rcsq,Hydraulic Pump #1,Low Pressure - Blocked filter,,Inspected and removed accumulated debris from the filter. Replaced filter element and verified system pressure over a 24-hour period.
recUSzpXUxQ9xSYZ0,Heat Exchanger,Overvoltage – Electrical surge,,"Replaced valve, tested system"
recUdnbi4MKumnZzw,Steering Gear Pump,Vibration - Pump cavitation,,Replaced damaged impeller and bled system
recUfrEJbregLqeup,Main Engine,No Output – Sensor failure,,1. Secured air intake manifold. 2. Replaced cracked hose. 3. Conducted airflow test. 4. Monitored pressure for 48 hours post-maintenance.
recUreWAJiRb3G2Mp,Equipment Affected,Fault Description,,Resolution Action
recUtFjR1JsJkQMVh,Hydraulic Pump #2,Overheat - Oil cooler clogged,,Flushed cooler
recVAXyxpdAwqW4In,,,,
recVDcm4lwA8o2N9Z,Hydraulic Pump #2,Vibration - Cavitation,,Checked impeller
recVgVlO0iv8jeBAb,Emergency Generator,Leaking - Seal worn out,,Replaced seal and inspected casing
recVzuKq1j66fqYa4,Breaker Panel #3,Short Circuit - Insulation failure,,Isolated short circuit by tracing affected wiring. Replaced damaged insulation and applied protective coating. Conducted continuity testing to confirm insulation integrity.
recW9Gdk9mCQrXZF1,Cooling Pump #2,Leaking - Seal worn out,,Removed worn seal and replaced with upgraded heat-resistant seal. Pressure-tested system at operating temperature and documented results for future reference.
recWYgszSzIC6knHZ,Cooling Pump #1,Leaking - Seal worn out,,Replaced seal
recX111ZsULhGBrEJ,Heat Exchanger,Overvoltage – Electrical surge,,1. Removed sensor and inspected connectors. 2. Replaced sensor with calibrated unit. 3. Recalibrated system parameters. 4. Conducted diagnostic run to verify accuracy.
recX19J3awimcGF7O,Cooling Pump #2,Vibration - Pump cavitation,,Inspected impeller for cavitation damage. Replaced damaged impeller and bled air from system. Implemented periodic monitoring schedule to detect early signs of cavitation.
recXPqhuwkL6gTqt1,Cooling Pump #1,Low Pressure - Blocked filter,,Replaced filter
recXQ4XQc09uf6bbX,Air Handler #1,Short Circuit - Insulation failure,,Replaced damaged wiring and tested circuit
recXZeZFbYQRXIRyl,Oil Separator,Vibration – Bearing wear,,"Replaced motor, monitored temperature"
recXgTJUVYVuPmXEb,Breaker Panel #3,Leaking - Seal worn out,,Removed worn seal and replaced with upgraded heat-resistant seal. Pressure-tested system at operating temperature and documented results for future reference.
recY6gCEH0hgylo4K,Steering Gear Pump,Overheat - Oil cooler clogged,,Flushed cooler with cleaning solution and replaced oil. Installed inline filter to capture potential future sludge buildup. Monitored system temperature for 48 hours post-maintenance.
recYlQMo49NNglUkA,Emergency Generator,Low Voltage - Alternator fault,,Removed alternator and conducted a full disassembly. Replaced worn brushes and calibrated voltage regulator. Conducted post-maintenance voltage tests to verify performance.
recZqkby5TDnaJhyT,Steering Gear Pump,Noise - Air in system,,Bled system and restored flow
recZwCNelj3LYuLdI,Breaker Panel #3,Noise - Air in system,,Bled system and restored flow
recasdkI3rQeemvbR,Emergency Generator,No Power - Fuse blown,,Replaced fuse
recb1cOCd4c8Mijrz,Hydraulic Pump #1,Intermittent Power - Valve sticking,,Disassembled valve and inspected for debris obstruction. Cleaned valve components and applied lubricant. Reassembled and monitored flow rate to confirm resolution.
recbAP7eLd3ijlSJI,Battery Bank,Erratic Operation – Air leak,,1. Conducted vibration analysis. 2. Realigned bearing using precision tools. 3. Applied high-grade lubricant. 4. Monitored bearing for 48 hours post-maintenance.
recbZ1jpvw9FLtc7u,Hydraulic Pump #1,Low Voltage - Alternator fault,,Replaced alternator and calibrated output
recblLXDGKK5xtUZX,Hydraulic Pump #1,Noise - Air in system,,Bled system
reccFeAI4o5wT5Y03,Hydraulic Pump #1,Intermittent Power - Valve sticking,,Lubricated valve
reccaboABVj0mpo1b,Hydraulic Pump #2,Low Voltage - Alternator fault,,Removed alternator and conducted a full disassembly. Replaced worn brushes and calibrated voltage regulator. Conducted post-maintenance voltage tests to verify performance.
reccflGpO4GVJNT8T,Cooling Pump #2,Low Voltage - Alternator fault,,Removed alternator and conducted a full disassembly. Replaced worn brushes and calibrated voltage regulator. Conducted post-maintenance voltage tests to verify performance.
recczg95XtobAKstO,Main Generator #1,No Power - Fuse blown,,Replaced fuse and inspected wiring
recd9YYnxPoZ1Jj6y,Main Generator #1,Vibration - Pump cavitation,,Replaced damaged impeller and bled system
recdSDy1xS85DDzHF,Sensor,Intermittent Power – Faulty valve,,1. Removed sensor and inspected connectors. 2. Replaced sensor with calibrated unit. 3. Recalibrated system parameters. 4. Conducted diagnostic run to verify accuracy.
recdVeekgLujHWd2j,Air Compressor,Low Pressure – Blocked filter,,"Rebooted system, installed software patch"
recdjCKZm1JuafuA4,Hydraulic Pump #1,Vibration - Pump cavitation,,Inspected impeller for cavitation damage. Replaced damaged impeller and bled air from system. Implemented periodic monitoring schedule to detect early signs of cavitation.
recduITVuf512IA2T,Cooling Pump #2,Vibration - Pump cavitation,,Checked impeller
rece2k4LZmjr5bC05,Cooling Pump #2,Leaking - Seal worn out,,Removed worn seal and replaced with upgraded heat-resistant seal. Pressure-tested system at operating temperature and documented results for future reference.
rece2xSELSZgAPswp,Main Generator #1,Breaker Trip - Overload,,Reset breaker
rece4I2WzBtpOeeK7,Pump,Unresponsive – Software glitch,,1. Inspected coolant lines for leaks. 2. Tightened all connections. 3. Refilled coolant reservoir. 4. Conducted thermal imaging to verify temperature stability.
receD4uCqLbpAuvCT,Steering Gear Pump,Low Pressure - Blocked filter,,Cleaned filter and restored flow
receKXLVrxNWrSvog,Sensor,Erratic Operation – Air leak,,1. Isolated valve assembly. 2. Disassembled valve and inspected for debris. 3. Replaced valve seal. 4. Conducted pressure test and verified functionality.
recfTdOqnA5vdvYlA,Steering Gear Pump,Intermittent Power - Valve sticking,,Cleaned valve and adjusted flow
recfVbmlyoIEvZXDR,Steering Gear Pump,Low Pressure - Seal leak,,Replaced seal
recflq024j5EnXBVt,Generator #3,Low Pressure – Blocked filter,,"Cleaned filter, restored flow"
recg5YoT3f5yocum8,Valve Control System,High Temperature – Coolant leak,,"Tightened connection, refilled coolant"
rech2NZ3TJrGlasKC,Air Handler #1,Low Pressure - Blocked filter,,Replaced filter
rech2Zs3NuUenTMUB,Valve Control System,Unresponsive – Software glitch,,"Replaced fuse, installed surge protector"
rechcU7xPwNVpVako,Main Engine,Leakage – Cracked seal,,"Replaced seal, tested for leaks"
reci6d0SC6A3bsk4i,Steering Gear Pump,Overheat - Oil cooler clogged,,Flushed cooler
reciimYkwp22RQ5Zo,Pump,Erratic Operation – Air leak,,1. Disconnected system and performed software diagnostic. 2. Identified software crash point. 3. Rebooted system and installed latest firmware update. 4. Tested system functions and logged activity.
recivlx5CWp6ODwBs,Emergency Generator,Breaker Trip - Overload,,Reset breaker
recjBUEIUlXKoG5Vo,Hydraulic Pump #2,Noise - Air in system,,Bled system and restored flow
recjJJrrvMxqyHPhf,Emergency Generator,Low Voltage - Alternator fault,,Adjusted settings
recjbbG8OBhRrJRr2,Hydraulic Pump #1,Low Pressure – Blocked filter,,"Replaced sensor, recalibrated"
recjtw0CXd4vG2Gjn,Fuel Injector,Vibration – Bearing wear,,1. Inspected coolant lines for leaks. 2. Tightened all connections. 3. Refilled coolant reservoir. 4. Conducted thermal imaging to verify temperature stability.
reck1ADSU7QLpHUov,Cooling Pump #1,Noise - Bearing misalignment,,Realigned bearing assembly and applied high-grade lubricant. Conducted vibration analysis pre and post alignment. Replaced worn bearings to prevent future misalignment.
reck2ZAPIBkgzBPjq,Generator,Low Pressure – Blocked filter,,1. Disconnected system and performed software diagnostic. 2. Identified software crash point. 3. Rebooted system and installed latest firmware update. 4. Tested system functions and logged activity.
reck5DFBNVjnvLvJz,Breaker Panel #3,No Power - Fuse blown,,Replaced fuse
reckEW6u8n9XVE8Uf,Steering Gear Pump,Leaking - Seal worn out,,Replaced seal and inspected casing
reckLMlOWoDRX7NrJ,Hydraulic Pump #1,Intermittent Power - Valve sticking,,
reckctMG4roaOIklB,Cooling Pump #1,No Power - Fuse blown,,Inspected wiring for potential short circuits. Replaced fuse with a higher-rated model after verifying compatibility. Conducted a system-wide electrical test and logged findings.
reckm2147WzlAipAd,Steering Gear Pump,Low Voltage - Alternator fault,,Removed alternator and conducted a full disassembly. Replaced worn brushes and calibrated voltage regulator. Conducted post-maintenance voltage tests to verify performance.
reclU19gyl9obeAOi,Hydraulic Pump #2,Low Pressure - Blocked filter,,Inspected and removed accumulated debris from the filter. Replaced filter element and verified system pressure over a 24-hour period.
reclqlfyxig48YD8p,Air Compressor,Intermittent Power – Faulty valve,,"Replaced seal, tested for leaks"
recmA4pMY6dRgnqN7,Heat Exchanger,Low Pressure – Blocked filter,,1. Disconnected power source. 2. Removed motor and inspected bearings. 3. Replaced worn bearings and lubricated moving parts. 4. Reconnected power and monitored temperature for 24 hours.
recmSRZiOvvnFJKXU,Breaker Panel #3,No Power - Fuse blown,,Replaced fuse and inspected wiring
recnFTV2Yxl5cIRpc,Hydraulic System,No Output – Sensor failure,,1. Disconnected power and tested fuse. 2. Replaced blown fuse and installed surge protector. 3. Conducted electrical load test. 4. Monitored voltage stability for 24 hours.
recni4zftoijvjNnG,Cooling Pump #1,Overheat - Fan motor failure,,Replaced motor and cleaned vent
recoYzi8SIxN70dHw,Hydraulic Pump #1,Breaker Trip - Overload,,Reduced load and reset breaker
recpCLBq7lgVBFh5J,Hydraulic Pump #1,Vibration - Cavitation,,Checked impeller
recpFOaXZXCI2Cn1x,Main Generator #1,Low Voltage - Alternator fault,,Adjusted settings
recpRZzI8UVBi3atw,Cooling Pump #1,Vibration - Pump cavitation,,Checked impeller
recpTRfiHYq8D79Z0,Steering Gear Pump,Low Pressure - Blocked filter,,Inspected and removed accumulated debris from the filter. Replaced filter element and verified system pressure over a 24-hour period.
recpUD5rOmZo3kwPw,Emergency Generator,Leaking - Seal worn out,,Removed worn seal and replaced with upgraded heat-resistant seal. Pressure-tested system at operating temperature and documented results for future reference.
recphh1dQwqFfbwna,Valve Control System,No Output – Sensor failure,,"Replaced motor, monitored temperature"
recqHEEhhlv2qTBeM,Hydraulic Pump #1,Short Circuit - Insulation failure,,Isolated short circuit by tracing affected wiring. Replaced damaged insulation and applied protective coating. Conducted continuity testing to confirm insulation integrity.
recqHc79rxvCGsdw4,Steering Gear Pump,Overheat - Fan motor failure,,Removed fan motor housing and cleared all dust buildup. Replaced motor bearings and tested for overheating under load conditions. Logged temperature readings at 1-hour intervals.
recqJibaLMfWsUhx2,Breaker Panel #3,Low Voltage - Alternator fault,,Removed alternator and conducted a full disassembly. Replaced worn brushes and calibrated voltage regulator. Conducted post-maintenance voltage tests to verify performance.
recqKKnCZKjeWk7PD,Main Generator #1,Overheat - Fan motor failure,,Replaced motor and cleaned vent
recqLGlm243E8awEN,Valve,No Output – Sensor failure,,1. Disconnected system and performed software diagnostic. 2. Identified software crash point. 3. Rebooted system and installed latest firmware update. 4. Tested system functions and logged activity.
recqQvuOXtQ0pdFM5,Sensor,Unresponsive – Software glitch,,1. Inspected coolant lines for leaks. 2. Tightened all connections. 3. Refilled coolant reservoir. 4. Conducted thermal imaging to verify temperature stability.
recqugLX5qbfnp7WA,Breaker Panel #3,Short Circuit - Insulation failure,,Repaired insulation
recr5F4pEX4hsD5Go,Battery Bank,No Output – Sensor failure,,1. Removed sensor and inspected connectors. 2. Replaced sensor with calibrated unit. 3. Recalibrated system parameters. 4. Conducted diagnostic run to verify accuracy.
recrr3KFEQRnSnjxU,Air Handler #1,Low Pressure - Blocked filter,,Cleaned filter and restored flow
recsHix63aMbSyDCc,Hydraulic Pump #1,Overheat - Oil cooler clogged,,Flushed cooler
recst6txI4wqJmKT7,Generator #3,Erratic Operation – Air leak,,"Tightened connection, refilled coolant"
rect20bZsLW9OENhN,Sensor,High Temperature – Coolant leak,,1. Inspected coolant lines for leaks. 2. Tightened all connections. 3. Refilled coolant reservoir. 4. Conducted thermal imaging to verify temperature stability.
rectFYYG3Is1Sk4k0,Emergency Generator,Vibration - Pump cavitation,,Inspected impeller for cavitation damage. Replaced damaged impeller and bled air from system. Implemented periodic monitoring schedule to detect early signs of cavitation.
recuHbIicpWXY62Nu,,,,
recum6k3kPbQAZbjj,Oil Separator,Vibration – Bearing wear,,"Secured air intake, retested system"
recvE0mAfRaxWxCWu,Cooling Pump #1,Leaking - Seal worn out,,Replaced seal and inspected casing
recvMtCw7BBRAjOY6,Main Generator #1,Leaking - Seal worn out,,Replaced seal and inspected casing
recvZZIR7Y5m4Mzoq,Pump,Leakage – Cracked seal,,1. Inspected coolant lines for leaks. 2. Tightened all connections. 3. Refilled coolant reservoir. 4. Conducted thermal imaging to verify temperature stability.
recvsmRiEvA8En8hG,Cooling Pump #2,Noise - Air in system,,Bled system and restored flow
recvwaNBL4Xu6lauN,Steering Gear Pump,Overheat - Oil cooler clogged,,Flushed cooler with cleaning solution and replaced oil. Installed inline filter to capture potential future sludge buildup. Monitored system temperature for 48 hours post-maintenance.
recwIKSJ2sLDXBsY5,Main Generator #1,No Power - Fuse blown,,Replaced fuse
recwi6Os3KeSw0NS3,Cooling Pump #2,Noise - Air in system,,Bled system and restored flow
recxBGJIzbgfrLIXv,Generator #3,Intermittent Power – Faulty valve,,"Secured air intake, retested system"
recxKTSV67bniq1j1,Hydraulic Pump #2,Noise - Air in system,,Bled system
recxg9dB4LyDsF3vw,Breaker Panel #3,Overheat - Wiring fault,,Replaced wiring
recxqpRLkjVWoE9jr,Heat Exchanger,Erratic Operation – Air leak,,1. Secured air intake manifold. 2. Replaced cracked hose. 3. Conducted airflow test. 4. Monitored pressure for 48 hours post-maintenance.
recxxVxcxOVrzi62c,Emergency Generator,Breaker Trip - Overload,,Reduced load and reset breaker
recyaWjfiDo2VTuPa,Cooling Pump #2,Low Voltage - Alternator fault,,Replaced alternator and calibrated output
recz9OgGUzVwLda9T,Main Generator #1,Overheat - Wiring fault,,Replaced wiring
reczEk0VhAurBwRIs,Cooling Pump #2,Intermittent Power – Faulty valve,,"Cleaned filter, restored flow"
reczanSmXeFD94zdd,Oil Separator,Overheat – Motor failure,,"Realigned bearing, lubricated"
reczevE4NYWWOJj3Q,Hydraulic Pump #1,Unresponsive – Software glitch,,"Replaced motor, monitored temperature"
reczjmAgVxXtflTeO,Steering Gear Pump,Noise - Air in system,,Bled system
reczmaJBRLOXeZt5z,Cooling Pump #2,Leaking - Seal worn out,,Replaced seal
reczwNZ5D5jRfLy3U,Air Handler #1,Leaking - Seal worn out,,Replaced seal
reczymdrnWDStOlZ8,Cooling Pump #2,Noise - Bearing misalignment,,Adjusted alignment
